{
    "comprimento": {
        "km": 0.001,
        "hm": 0.01,
        "dam": 0.1,
        "m": 1,
        "dm": 10,
        "cm": 100,
        "mm": 1000
    },

    "area": {
        "km2": 0.000001,
        "hm2": 0.0001,
        "dam2": 0.01,
        "m2": 1,
        "dm2": 100,
        "cm2": 10000,
        "mm2": 1000000
    },

    "volume": {
        "km3": 0.000000001,
        "hm3":  0.000001,
        "dam3": 0.001,
        "m3": 1,
        "kl": 1,
        "dm3": 10,
        "L": 10,
        "cm3": 1000000,
        "ml": 1000000,
        "mm3": 1000000000
    },

    "massa": {
        "kg": 0.001,
        "hg": 0.01,
        "dag": 0.1,
        "g": 1,
        "dg": 10,
        "cg": 100,
        "mg": 1000
    },

    "tempo": {
        "h": 1,
        "min": 60,
        "s": 3600,
        "ms": 3600000
    },

    "velocidade": {
        "km/h": 3.6,
        "m/s": 1
    },

    "temperatura": {
        "C": 0,
        "F": 32,
        "K": 273.15
    }
}